{
  "hash": "88f79f45",
  "configHash": "de4d3480",
  "lockfileHash": "9d6813b5",
  "browserHash": "c390a0d9",
  "optimized": {
    "@angular/common": {
      "src": "../../../../../../node_modules/@angular/common/fesm2022/common.mjs",
      "file": "@angular_common.js",
      "fileHash": "ffa3a40e",
      "needsInterop": false
    },
    "@angular/common/http": {
      "src": "../../../../../../node_modules/@angular/common/fesm2022/http.mjs",
      "file": "@angular_common_http.js",
      "fileHash": "9e18892d",
      "needsInterop": false
    },
    "@angular/core": {
      "src": "../../../../../../node_modules/@angular/core/fesm2022/core.mjs",
      "file": "@angular_core.js",
      "fileHash": "63b3f91b",
      "needsInterop": false
    },
    "@angular/platform-browser": {
      "src": "../../../../../../node_modules/@angular/platform-browser/fesm2022/platform-browser.mjs",
      "file": "@angular_platform-browser.js",
      "fileHash": "c0f7e30a",
      "needsInterop": false
    }
  },
  "chunks": {
    "chunk-INPWEG2F": {
      "file": "chunk-INPWEG2F.js"
    },
    "chunk-GPQCL3UH": {
      "file": "chunk-GPQCL3UH.js"
    },
    "chunk-3XPRMCCN": {
      "file": "chunk-3XPRMCCN.js"
    }
  }
}